{
  "Parameters": {
      "EventSlug": {
          "Type": "String",
          "Default": "Ailurus",
          "Description": "A friendly environment name that will be used for namespacing all cluster resources."
      },
      "TeamId": {
          "Type": "String",
          "Default": "1",
          "Description": "Team ID to identify team resources as a string."
      },
      "ChallengeId": {
          "Type": "String",
          "Default": "1",
          "Description": "Challenge ID to identify team resources as a string."
      },
      "MachineAMI": {
          "Type": "String",
          "Default": "ami-0afd0b2f1ea7e2974",
          "Description": "The AMI ID for CTF challenge machine that will be created using EC2."
      },
      "MachinePrivateIpAddress": {
          "Type": "String",
          "Default": "10.0.1.1",
          "Description": "Assigned internal IP address. Be cautious, must assigned uniquely per instance."
      },
      "MachineType": {
          "Type": "String",
          "Default": "c5a.large",
          "Description": "Machine type name for EC2."
      },
      "MachineSecurityGroupId": {
          "Type": "String",
          "Description": "Security group ID created before for all teams instances."
      },
      "MachineSubnetId": {
          "Type": "String",
          "Description": "Subnet ID created before for all teams instances."
      },
      "MachinePublicKey": {
          "Type": "String",
          "Default": "ssh-ed25519 AAAAC3NzaC1lZDI1NTE5AAAAICfp1F7DhdWZdqkYaUGCZcBsLmJeu9izpIyGpmmg7eCz example",
          "Description": "Predefined SSH public key that will be installed in teams machine."
      }
  },
  "Resources": {
      "KeyPair": {
          "Type": "AWS::EC2::KeyPair",
          "Properties": {
              "KeyName": {
                  "Fn::Join": [
                      "",
                      [
                          "KeyPair",
                          {
                              "Ref": "EventSlug"
                          },
                          {
                              "Ref": "ChallengeId"
                          },
                          {
                              "Ref": "TeamId"
                          }
                      ]
                  ]
              },
              "PublicKeyMaterial": {
                  "Ref": "MachinePublicKey"
              },
              "Tags": [
                  {
                      "Key": "ManagedBy",
                      "Value": {
                          "Ref": "EventSlug"
                      }
                  }
              ]
          }
      },
      "Ec2Instance": {
          "Type": "AWS::EC2::Instance",
          "Properties": {
              "ImageId": {
                  "Ref": "MachineAMI"
              },
              "KeyName": {
                  "Ref": "KeyPair"
              },
              "InstanceType": {
                  "Ref": "MachineType"
              },
              "PrivateIpAddress": {
                  "Ref": "MachinePrivateIpAddress"
              },
              "SecurityGroupIds": [
                  {
                      "Ref": "MachineSecurityGroupId"
                  }
              ],
              "SubnetId": {
                  "Ref": "MachineSubnetId"
              },
              "Tags": [
                {
                    "Key": "Name",
                    "Value": {
                        "Fn::Join": [
                            "",
                            [
                                "machine",
                                {
                                    "Ref": "EventSlug"
                                },
                                {
                                    "Ref": "ChallengeId"
                                },
                                {
                                    "Ref": "TeamId"
                                }
                            ]
                        ]
                    }
                },
                  {
                      "Key": "ManagedBy",
                      "Value": {
                          "Ref": "EventSlug"
                      }
                  }
              ],
              "UserData": {
                  "Fn::Base64": "#!/bin/bash\nuseradd -m -g sudo ctf\nmkdir -p /home/ctf/.ssh\necho \"{{Ailurus.CheckerPublicKey}}\" >> /home/ctf/.ssh/authorized_keys\n"
              }
          }
      }
  },
  "Outputs": {
      "MachineInstanceId": {
          "Value": {
              "Ref": "Ec2Instance"
          },
          "Description": "Instance ID of the EC2 instance"
      },
      "MachinePrivateIp": {
          "Value": {
              "Fn::GetAtt": [
                  "Ec2Instance",
                  "PrivateIp"
              ]
          },
          "Description": "Private IP address of the EC2 instance"
      }
  }
}